category,title,price,img_url
도시락,뭘좋아할지몰라또만들었어1,6000,https://image.woodongs.com/imgsvr/item/GD_2700038864022_002.jpg
도시락,뭘좋아할지몰라다넣어봤어1,6000,https://image.woodongs.com/imgsvr/item/GD_2700038863995_002.jpg
도시락,혜자로운)베이컨김치볶음밥,3500,https://image.woodongs.com/imgsvr/item/GD_2700038863711_002.jpg
도시락,2단위로도시락매운김치,5500,https://image.woodongs.com/imgsvr/item/GD_2700038863575_003.jpg
도시락,3단위로도시락에그함박,6500,https://image.woodongs.com/imgsvr/item/GD_2700038863445_002.jpg
도시락,혜자로운)햄구이도시락,3500,https://image.woodongs.com/imgsvr/item/GD_2700038862615_001.jpg
도시락,혜자로운)한돈까스&대파불제육1,5500,https://image.woodongs.com/imgsvr/item/GD_2700038861755_002.jpg
도시락,혜자로운)통통쏘야불고기1,5200,https://image.woodongs.com/imgsvr/item/GD_2700038861366_001.jpg
도시락,혜자로운)7첩반상,5800,https://image.woodongs.com/imgsvr/item/GD_2700038861199_002.jpg
도시락,혜자로운)한돈반반제육,5200,https://image.woodongs.com/imgsvr/item/GD_2700038861151_001.jpg
도시락,혜자로운)너비아니닭강정1,5400,https://image.woodongs.com/imgsvr/item/GD_2700038861106_002.jpg
도시락,점보열무김치비빔밥,9900,https://image.woodongs.com/imgsvr/item/GD_2700038859240_001.jpg
도시락,NEW제주돼지연탄향불고기1,5500,https://image.woodongs.com/imgsvr/item/GD_2700038857215_001.JPG
도시락,NEW제주돼지)두루치기,5500,https://image.woodongs.com/imgsvr/item/GD_2700038857260_002.jpg
도시락,한상가득도시락(한식편)1,6700,https://image.woodongs.com/imgsvr/item/GD_2700038856287_001.jpg
도시락,NEW정성가득비빔밥,4500,https://image.woodongs.com/imgsvr/item/GD_2700038853095_001.jpg
도시락,NEW고진많도시락,5300,https://image.woodongs.com/imgsvr/item/GD_2700038853118_001.jpg
김밥/주먹밥,삼각)바삭김참치마요,1100,https://image.woodongs.com/imgsvr/item/GD_2700038863964_001.jpg
김밥/주먹밥,풀)잠발라야주먹밥,1700,https://image.woodongs.com/imgsvr/item/GD_2700038863940_001.jpg
김밥/주먹밥,통영식비빔김밥,3400,https://image.woodongs.com/imgsvr/item/GD_2700038863926_001.jpg
김밥/주먹밥,편스)만두짜글이,1800,https://image.woodongs.com/imgsvr/item/GD_2700038863605_002.jpg
김밥/주먹밥,유부&참치김밥듀오,3000,https://image.woodongs.com/imgsvr/item/GD_8809909950773_001.jpg
김밥/주먹밥,맛대결)간장치밥,1300,https://image.woodongs.com/imgsvr/item/GD_2700038863513_002.jpg
김밥/주먹밥,맛대결)숯불향치밥,1300,https://image.woodongs.com/imgsvr/item/GD_2700038863476_002.jpg
김밥/주먹밥,편스)어남선생진미채김밥,3500,https://image.woodongs.com/imgsvr/item/GD_2700038863360_005.jpg
김밥/주먹밥,오징어게임)원조김밥,2900,https://image.woodongs.com/imgsvr/item/GD_2700038863049_001.jpg
김밥/주먹밥,오징어게임)사라다김밥,3200,https://image.woodongs.com/imgsvr/item/GD_2700038863025_002.jpg
김밥/주먹밥,풀)맥햄치즈,1800,https://image.woodongs.com/imgsvr/item/GD_2700038862790_001.jpg
김밥/주먹밥,AI)마크니치킨커리,1800,https://image.woodongs.com/imgsvr/item/GD_2700038862691_002.jpg
김밥/주먹밥,통)떡갈비김밥,3700,https://image.woodongs.com/imgsvr/item/GD_2700038862646_001.jpg
김밥/주먹밥,더블치즈김밥,3500,https://image.woodongs.com/imgsvr/item/GD_2700038862523_001.jpg
김밥/주먹밥,편스토랑)소시지피자김밥,3700,https://image.woodongs.com/imgsvr/item/GD_2700038862455_002.jpg
김밥/주먹밥,고추참치듬뿍김밥,3200,https://image.woodongs.com/imgsvr/item/GD_2700038862189_002.jpg
김밥/주먹밥,풀)참치김치,1700,https://image.woodongs.com/imgsvr/item/GD_2700038862202_002.jpg
김밥/주먹밥,풀)리챔참치마요,1700,https://image.woodongs.com/imgsvr/item/GD_2700038861939_002.jpg
김밥/주먹밥,유부&햄김밥듀오,2900,https://image.woodongs.com/imgsvr/item/GD_8809909950735_002.jpg
김밥/주먹밥,삼각)新소고기볶음고추장,1200,https://image.woodongs.com/imgsvr/item/GD_2700038861816_003.jpg
김밥/주먹밥,혜자)김밥타코야끼세트1,2800,https://image.woodongs.com/imgsvr/item/GD_2700038861724_002.jpg
김밥/주먹밥,AI)데리야끼치킨에그마요,1300,https://image.woodongs.com/imgsvr/item/GD_2700038861373_002.jpg
김밥/주먹밥,스팸계란마요김밥,3500,https://image.woodongs.com/imgsvr/item/GD_2700038861236_002.jpg
김밥/주먹밥,AI)햄에그마요,1300,https://image.woodongs.com/imgsvr/item/GD_2700038861274_002.jpg
김밥/주먹밥,AI)새우마요,1300,https://image.woodongs.com/imgsvr/item/GD_2700038860987_003.jpg
김밥/주먹밥,한돈)고추장불고기,1300,https://image.woodongs.com/imgsvr/item/GD_2700038861014_002.jpg
김밥/주먹밥,삼각)新참치마요,1100,https://image.woodongs.com/imgsvr/item/GD_2700038861052_003.jpg
김밥/주먹밥,한돈)간장불고기,1300,https://image.woodongs.com/imgsvr/item/GD_2700038861038_002.jpg
김밥/주먹밥,풀)新참치마요,1600,https://image.woodongs.com/imgsvr/item/GD_2700038861120_002.jpg
김밥/주먹밥,편스)찬또감자탕볶음밥,1800,https://image.woodongs.com/imgsvr/item/GD_2700038860475_004.jpg
김밥/주먹밥,팔도)우삼겹주먹밥,1400,https://image.woodongs.com/imgsvr/item/GD_2700038860499_002.jpg
김밥/주먹밥,그린스텝)참치마요,1100,https://image.woodongs.com/imgsvr/item/GD_2700038860444_003.jpg
김밥/주먹밥,삼각)참치김치볶음밥,1300,https://image.woodongs.com/imgsvr/item/GD_2700038860420_003.jpg
김밥/주먹밥,삼각)스팸마요김치볶음밥,1300,https://image.woodongs.com/imgsvr/item/GD_2700038860390_003.jpg
김밥/주먹밥,풀)新전주비빔,1700,https://image.woodongs.com/imgsvr/item/GD_2700038860215_001.jpg
김밥/주먹밥,풀)新스팸김치볶음밥,1700,https://image.woodongs.com/imgsvr/item/GD_2700038860154_001.jpg
김밥/주먹밥,풀)춘천식닭갈비볶음밥,1700,https://image.woodongs.com/imgsvr/item/GD_2700038860123_001.jpg
김밥/주먹밥,삼각)청양참치마요,1200,https://image.woodongs.com/imgsvr/item/GD_2700038859981_005.jpg
김밥/주먹밥,삼각)新전주비빔,1200,https://image.woodongs.com/imgsvr/item/GD_2700038859950_005.jpg
김밥/주먹밥,참치크랩치즈롤,3900,https://image.woodongs.com/imgsvr/item/GD_8809909950711_002.jpg
김밥/주먹밥,X)햄에그김치볶음밥,2400,https://image.woodongs.com/imgsvr/item/GD_2700038858625_001.jpg
김밥/주먹밥,X)햄치즈김치볶음밥,2300,https://image.woodongs.com/imgsvr/item/GD_2700038858304_001.jpg
김밥/주먹밥,X)치즈닭갈비볶음밥,2400,https://image.woodongs.com/imgsvr/item/GD_2700038858120_001.jpg
김밥/주먹밥,X)콘치즈주먹밥,2200,https://image.woodongs.com/imgsvr/item/GD_2700038857963_002.jpg
김밥/주먹밥,매콤어묵듬뿍김밥,2700,https://image.woodongs.com/imgsvr/item/GD_2700038857413_003.jpg
김밥/주먹밥,풀)스팸마요계란볶음밥,1800,https://image.woodongs.com/imgsvr/item/GD_2700038857284_002.jpg
김밥/주먹밥,혜자로운)멸추김밥,3400,https://image.woodongs.com/imgsvr/item/GD_2700038855846_002.jpg
김밥/주먹밥,촉촉유부초밥(3P),2400,https://image.woodongs.com/imgsvr/item/GD_8809909950599_003.jpg
김밥/주먹밥,에그햄마요듬뿍김밥,3300,https://image.woodongs.com/imgsvr/item/GD_2700038855471_001.jpg
김밥/주먹밥,통)한돈카츠김밥,3400,https://image.woodongs.com/imgsvr/item/GD_2700038855273_002.jpg
김밥/주먹밥,전주비빔가득김밥,3200,https://image.woodongs.com/imgsvr/item/GD_2700038855235_001.jpg
김밥/주먹밥,한돈불고기쌈김밥,3500,https://image.woodongs.com/imgsvr/item/GD_2700038854580_002.jpg
김밥/주먹밥,참치마요듬뿍김밥,3200,https://image.woodongs.com/imgsvr/item/GD_2700038854627_002.jpg
김밥/주먹밥,참치김치듬뿍김밥,3300,https://image.woodongs.com/imgsvr/item/GD_2700038854450_003.jpg
김밥/주먹밥,한돈제육쌈김밥,3500,https://image.woodongs.com/imgsvr/item/GD_2700038854436_003.jpg
김밥/주먹밥,참치햄샐러드마요김밥,3000,https://image.woodongs.com/imgsvr/item/GD_2700038854412_003.jpg
김밥/주먹밥,NEW기본김밥,2500,https://image.woodongs.com/imgsvr/item/GD_2700038853019_001.jpg
김밥/주먹밥,혜자로운)알찬한끼세트,2700,https://image.woodongs.com/imgsvr/item/GD_2700038852029_001.jpg
김밥/주먹밥,간편한입)유부초밥(4P),2800,https://image.woodongs.com/imgsvr/item/GD_8809581892217_001.jpg
김밥/주먹밥,한입가득)참치유부초밥,3600,https://image.woodongs.com/imgsvr/item/GD_8809581892064_002.jpg
김밥/주먹밥,풀)전주비빔참치마요,1700,https://image.woodongs.com/imgsvr/item/GD_2700038847360_001.jpg
햄버거/샌드위치,삼립)바나나초코샌드,3300,https://image.woodongs.com/imgsvr/item/GD_8801068929690_001.jpg
햄버거/샌드위치,넌감돈이었어샌드위치,4200,https://image.woodongs.com/imgsvr/item/GD_2700038863643_001.jpg
햄버거/샌드위치,오겜)고로케사라다빵,2900,https://image.woodongs.com/imgsvr/item/GD_2700038863155_001.jpg
햄버거/샌드위치,베이컨명란감자샌드,2700,https://image.woodongs.com/imgsvr/item/GD_2700038863070_002.jpg
햄버거/샌드위치,삼립)에그인헬버거,3800,https://image.woodongs.com/imgsvr/item/GD_8801068928839_004.jpg
햄버거/샌드위치,삼립)에그인헬토스트,3600,https://image.woodongs.com/imgsvr/item/GD_8801068928815_004.jpg
햄버거/샌드위치,혜자)아삭아삭햄치즈샌드,3000,https://image.woodongs.com/imgsvr/item/GD_2700038862738_001.jpg
햄버거/샌드위치,멘치까스버거,3400,https://image.woodongs.com/imgsvr/item/GD_2700038862578_003.jpg
햄버거/샌드위치,통새우버거,3400,https://image.woodongs.com/imgsvr/item/GD_2700038862370_002.jpg
햄버거/샌드위치,클래식통다리살치킨버거,4000,https://image.woodongs.com/imgsvr/item/GD_2700038862417_002.jpg
햄버거/샌드위치,계란&참치샌드위치,2600,https://image.woodongs.com/imgsvr/item/GD_2700038862356_003.jpg
햄버거/샌드위치,삼립)에그인헬샌드위치,3300,https://image.woodongs.com/imgsvr/item/GD_8801068928495_002.jpg
햄버거/샌드위치,내슈빌핫치킨버거,4000,https://image.woodongs.com/imgsvr/item/GD_2700038862301_003.jpg
햄버거/샌드위치,내슈빌핫치킨버거,4000,https://image.woodongs.com/imgsvr/item/GD_2700038862288_003.jpg
햄버거/샌드위치,옛날토스트샌드,3100,https://image.woodongs.com/imgsvr/item/GD_2700038862271_002.jpg
햄버거/샌드위치,옛날토스트샌드,3100,https://image.woodongs.com/imgsvr/item/GD_2700038862257_002.jpg
햄버거/샌드위치,스팸에그버거(마일드),3400,https://image.woodongs.com/imgsvr/item/GD_2700038862240_001.jpg
햄버거/샌드위치,스팸에그버거(마일드),3400,https://image.woodongs.com/imgsvr/item/GD_2700038862233_001.jpg
햄버거/샌드위치,스리라차마요비프버거,4200,https://image.woodongs.com/imgsvr/item/GD_2700038861977_001.jpg
햄버거/샌드위치,마일드통다리살치킨버거,4000,https://image.woodongs.com/imgsvr/item/GD_2700038861991_002.jpg
햄버거/샌드위치,두툼)매콤새우샌드위치,3800,https://image.woodongs.com/imgsvr/item/GD_2700038861847_001.jpg
햄버거/샌드위치,두툼)매콤새우샌드위치,3800,https://image.woodongs.com/imgsvr/item/GD_2700038861830_001.jpg
햄버거/샌드위치,크랜베리치킨샌드위치,3600,https://image.woodongs.com/imgsvr/item/GD_2700038861700_002.jpg
햄버거/샌드위치,그릴드머쉬룸버거,3600,https://image.woodongs.com/imgsvr/item/GD_2700038861335_001.jpg
햄버거/샌드위치,3입트리플후레쉬샌드위치1,3000,https://image.woodongs.com/imgsvr/item/GD_2700038861205_002.jpg
햄버거/샌드위치,삼립)수퍼잭슨버거,3800,https://image.woodongs.com/imgsvr/item/GD_8801068926873_002.jpg
햄버거/샌드위치,삼립)뉴BBQ어니언불고기버거,3500,https://image.woodongs.com/imgsvr/item/GD_8801068927351_005.jpg
햄버거/샌드위치,베이컨비프버거,4500,https://image.woodongs.com/imgsvr/item/GD_2700038861069_002.jpg
햄버거/샌드위치,K계란샌드위치,2600,https://image.woodongs.com/imgsvr/item/GD_2700038860642_001.jpg
햄버거/샌드위치,그린스텝)참치마요샌드위치,2600,https://image.woodongs.com/imgsvr/item/GD_2700038860512_002.jpg
햄버거/샌드위치,삼립)트리플치즈불고기버거,3900,https://image.woodongs.com/imgsvr/item/GD_8801068926514_002.jpg
햄버거/샌드위치,데리버거,2900,https://image.woodongs.com/imgsvr/item/GD_2700038860239_003.jpg
햄버거/샌드위치,삼립)트리플오리지널불고기버거1,3600,https://image.woodongs.com/imgsvr/item/GD_8801068926538_002.jpg
햄버거/샌드위치,불고기버거,3000,https://image.woodongs.com/imgsvr/item/GD_2700038860055_005.jpg
햄버거/샌드위치,베이컨치즈버거,3500,https://image.woodongs.com/imgsvr/item/GD_2700038860079_003.jpg
햄버거/샌드위치,치즈버거,3100,https://image.woodongs.com/imgsvr/item/GD_2700038859912_003.jpg
햄버거/샌드위치,클래식에그버거,3500,https://image.woodongs.com/imgsvr/item/GD_2700038859356_001.jpg
햄버거/샌드위치,간식타임)내가맛스타,2600,https://image.woodongs.com/imgsvr/item/GD_2700038858366_002.jpg
햄버거/샌드위치,간식타임)불갈비벅,2700,https://image.woodongs.com/imgsvr/item/GD_2700038858243_007.jpg
햄버거/샌드위치,햄치즈토마토샌드,3000,https://image.woodongs.com/imgsvr/item/GD_2700038858007_002.jpg
햄버거/샌드위치,NEW아이돌인기샌드위치,3000,https://image.woodongs.com/imgsvr/item/GD_2700038857673_001.jpg
햄버거/샌드위치,간식타임)치즈벅,2700,https://image.woodongs.com/imgsvr/item/GD_2700038857802_006.jpg
햄버거/샌드위치,3단참치샐러드샌드위치,3000,https://image.woodongs.com/imgsvr/item/GD_2700038857550_001.jpg
햄버거/샌드위치,햄치게샌드위치,3200,https://image.woodongs.com/imgsvr/item/GD_2700038856997_003.jpg
햄버거/샌드위치,3입)버라이어티샌드위치1,3200,https://image.woodongs.com/imgsvr/item/GD_2700038856942_002.jpg
햄버거/샌드위치,케이준치킨샐러드샌드,3000,https://image.woodongs.com/imgsvr/item/GD_2700038856829_001.jpg
햄버거/샌드위치,몬테크리스토샌드위치,3000,https://image.woodongs.com/imgsvr/item/GD_2700038856263_003.jpg
햄버거/샌드위치,훈제오리단호박밸런스랩,4900,https://image.woodongs.com/imgsvr/item/GD_8809679627585_002.jpg
햄버거/샌드위치,삼립)덴드요베리믹스크림샌드,2800,https://image.woodongs.com/imgsvr/item/GD_8801068923438_001.jpg
햄버거/샌드위치,삼립)피크닉감자에그샌드,2800,https://image.woodongs.com/imgsvr/item/GD_8801068914870_001.jpg
햄버거/샌드위치,햄치즈에그토스트,3200,https://image.woodongs.com/imgsvr/item/GD_8801068404869_001.jpg
햄버거/샌드위치,삼립)더블에그샐러드샌드위치,2800,https://image.woodongs.com/imgsvr/item/GD_8801068390971_001.jpg
햄버거/샌드위치,삼립)NEW핫N스모키더블버거,2800,https://image.woodongs.com/imgsvr/item/GD_8801068389326_001.jpg
햄버거/샌드위치,삼립)베이컨치즈에그샌드,2800,https://image.woodongs.com/imgsvr/item/GD_8801068384451_001.jpg
햄버거/샌드위치,삼립)NEW스크램블&소시지샌드,2500,https://image.woodongs.com/imgsvr/item/GD_8801068371178_001.jpg
간편식,로우핏)두부텐더샐러드,3800,https://image.woodongs.com/imgsvr/item/GD_8801068929331_001.jpg
간편식,로우핏)훈제치킨샐러드,3800,https://image.woodongs.com/imgsvr/item/GD_8801068929355_001.jpg
간편식,혜자)NEW볶음우동정식,4500,https://image.woodongs.com/imgsvr/item/GD_2700038863889_001.JPG
간편식,교동)수제철판오징어해물파전,3900,https://image.woodongs.com/imgsvr/item/GD_8809584591261_003.jpg
간편식,교동수제철판오징어김치전,3900,https://image.woodongs.com/imgsvr/item/GD_8809584591254_002.jpg
간편식,흑백)장호준크랩와사비,2500,https://image.woodongs.com/imgsvr/item/GD_2700038863346_002.jpg
간편식,바릴라)치킨오일파스타,3900,https://image.woodongs.com/imgsvr/item/GD_2700038863384_002.jpg
간편식,명절)잡채모둠전,5500,https://image.woodongs.com/imgsvr/item/GD_2700038863308_002.jpg
간편식,혜자)꽃맛살&포테이토샐러드,4500,https://image.woodongs.com/imgsvr/item/GD_8809873660159_001.jpg
간편식,혜자)블랙페퍼닭가슴살샐러드,4500,https://image.woodongs.com/imgsvr/item/GD_8809873660104_001.jpg
간편식,혜자)통계란&케이준샐러드,4500,https://image.woodongs.com/imgsvr/item/GD_8809873660081_001.jpg
간편식,혜자)크랩&단호박샐러드,4500,https://image.woodongs.com/imgsvr/item/GD_8809873660098_001.jpg
간편식,NEW간편어묵우동,3800,https://image.woodongs.com/imgsvr/item/GD_2700038862974_002.jpg
간편식,만두그라탕,3900,https://image.woodongs.com/imgsvr/item/GD_2700038862813_001.JPG
간편식,떠먹는피자&파스타,3900,https://image.woodongs.com/imgsvr/item/GD_2700038862950_001.JPG
간편식,SB)치킨텐더샐러드,4500,https://image.woodongs.com/imgsvr/item/GD_8809679628568_002.jpg
간편식,삼립X잭슨)어니언미트치즈부리또,3500,https://image.woodongs.com/imgsvr/item/GD_8801068928754_001.jpg
간편식,혜자로운)경양식왕돈까스,3900,https://image.woodongs.com/imgsvr/item/GD_2700038862493_002.jpg
간편식,삼립X잭슨)베이컨체다치즈부리또,3500,https://image.woodongs.com/imgsvr/item/GD_8801068928761_002.jpg
간편식,SB)리코타발사믹샐러드,5300,https://image.woodongs.com/imgsvr/item/GD_8809679628278_001.JPG
간편식,SB)모짜렐라카프레제샐러드,5600,https://image.woodongs.com/imgsvr/item/GD_8809679628292_004.jpg
간편식,SB)닭가슴살메밀면샐러드,5600,https://image.woodongs.com/imgsvr/item/GD_8809679628285_003.jpg
간편식,NEW)치즈오븐스파게티,3900,https://image.woodongs.com/imgsvr/item/GD_2700038861953_002.jpg
간편식,삼립)치킨텐더샐러드,4500,https://image.woodongs.com/imgsvr/item/GD_8801068928341_002.jpg
간편식,참숯목살바베큐,5500,https://image.woodongs.com/imgsvr/item/GD_2700038861786_003.jpg
간편식,삼립)시저샐러드,4500,https://image.woodongs.com/imgsvr/item/GD_8801068928358_001.jpg
간편식,SB)스윗포테이토샐러드,5300,https://image.woodongs.com/imgsvr/item/GD_8809679628230_002.jpg
간편식,불고기듬뿍샐러드,5900,https://image.woodongs.com/imgsvr/item/GD_8809854110994_002.jpg
간편식,숙성삼겹살구이,5500,https://image.woodongs.com/imgsvr/item/GD_2700038861397_001.JPG
간편식,SB)하비스트펌킨샐러드,5300,https://image.woodongs.com/imgsvr/item/GD_8809679628223_001.jpg
간편식,저스트그린)케이준치킨샐러드,3800,https://image.woodongs.com/imgsvr/item/GD_8809045277901_001.jpg
간편식,저스그린)스모크닭가슴살샐러드,3900,https://image.woodongs.com/imgsvr/item/GD_8809045277918_001.jpg
간편식,두부김치제육,4900,https://image.woodongs.com/imgsvr/item/GD_2700038860598_001.jpg
간편식,순살닭강정(마늘간장),4900,https://image.woodongs.com/imgsvr/item/GD_2700038860574_003.jpg
간편식,스윗고구마샐러드,4200,https://image.woodongs.com/imgsvr/item/GD_8809045276157_001.jpg
간편식,순살닭강정(매콤달콤),4900,https://image.woodongs.com/imgsvr/item/GD_2700038860253_002.jpg
간편식,풀드포크달콤고구마샐러드,5900,https://image.woodongs.com/imgsvr/item/GD_8809854110987_002.jpg
간편식,베이컨듬뿍샐러드,5900,https://image.woodongs.com/imgsvr/item/GD_8809854110970_003.jpg
간편식,혜자로운)스파게티정식,4900,https://image.woodongs.com/imgsvr/item/GD_2700038859684_002.jpg
간편식,삼립)그래놀라샐러드,4500,https://image.woodongs.com/imgsvr/item/GD_8801068926507_001.jpg
간편식,삼립)시그니처콥샐러드,6500,https://image.woodongs.com/imgsvr/item/GD_8801068923827_001.jpg
간편식,모짜렐라&파스타샐러드,5500,https://image.woodongs.com/imgsvr/item/GD_8809045277772_001.jpg
간편식,빅사이즈)반반닭강정,9900,https://image.woodongs.com/imgsvr/item/GD_8809588770112_001.JPG
간편식,어메이징)토마토파스타1,3900,https://image.woodongs.com/imgsvr/item/GD_2700038857598_002.jpg
간편식,NEW돈쏘게티,4500,https://image.woodongs.com/imgsvr/item/GD_2700038854481_002.jpg
간편식,삼립)트리플미트부리또,3500,https://image.woodongs.com/imgsvr/item/GD_8801068921410_001.jpg
간편식,삼립)트리플치즈부리또,3500,https://image.woodongs.com/imgsvr/item/GD_8801068921403_001.jpg
간편식,갓성비통곡물샐러드,2900,https://image.woodongs.com/imgsvr/item/GD_8801068920994_001.jpg
간편식,갓성비고구마샐러드,2900,https://image.woodongs.com/imgsvr/item/GD_8801068921007_001.jpg
간편식,빅블랙페퍼닭가슴살샐러드,5900,https://image.woodongs.com/imgsvr/item/GD_8809854110727_001.jpg
간편식,PIG)NEW치킨찹찹샐러드,3800,https://image.woodongs.com/imgsvr/item/GD_8801068916720_002.jpg
간편식,픽)케이준치킨에그샐러드,4700,https://image.woodongs.com/imgsvr/item/GD_8809854110703_003.jpg
간편식,PIGNEW에그가먼저닭샐러드,3800,https://image.woodongs.com/imgsvr/item/GD_8801068916737_002.jpg
간편식,SB)케이준치킨치즈샐러드,4900,https://image.woodongs.com/imgsvr/item/GD_8809679624294_003.jpg
간편식,꽉)매콤돈까스스파게티1,5900,https://image.woodongs.com/imgsvr/item/GD_2700038842235_001.jpg
간편식,삼립)슈퍼슈프림치즈부리또,3200,https://image.woodongs.com/imgsvr/item/GD_8801068376715_003.jpg
간편식,삼립)불고기치즈부리또,3200,https://image.woodongs.com/imgsvr/item/GD_8801068374803_003.jpg
