상품명,가격,이미지_URL
삼립)바나나블루베리샌드,3300,https://www.7-eleven.co.kr/upload/product/8801068/929744.1.jpg
롯데)매콤왕교자그라탕,4300,https://www.7-eleven.co.kr/upload/product/8801118/014581.1.jpg
그린)머쉬룸투움바비프버거,3500,https://www.7-eleven.co.kr/upload/product/8809827/505451.1.jpg
롯데)안유성명장 치킨난반정식,5500,https://www.7-eleven.co.kr/upload/product/8801118/014550.1.jpg
그린)초코딸기샌드,3800,https://www.7-eleven.co.kr/upload/product/8809827/505437.1.jpg
롯데)안유성명장 마늘갈비정식,6900,https://www.7-eleven.co.kr/upload/product/8801118/014512.1.jpg
삼립)메가불고기에그버거,3500,https://www.7-eleven.co.kr/upload/product/8801068/929409.1.jpg
그린)기본김밥,2600,https://www.7-eleven.co.kr/upload/product/8809827/505413.1.jpg
롯데)NEW갈비맛닭강정,5700,https://www.7-eleven.co.kr/upload/product/8801118/014505.1.jpg
그린)더커진울진대게딱지장삼각,1800,https://www.7-eleven.co.kr/upload/product/8809827/505369.1.jpg
롯데)렌틸콩유부초밥&에그샐러드,3900,https://www.7-eleven.co.kr/upload/product/8801118/014406.1.jpg
그린)맛장우도시락 오늘은소불고,6500,https://www.7-eleven.co.kr/upload/product/8809827/505390.1.jpg
롯데)닭가슴살잡곡샌드,3000,https://www.7-eleven.co.kr/upload/product/8801118/014239.1.jpg
롯데)인가샌드위치,2800,https://www.7-eleven.co.kr/upload/product/8801118/014086.1.jpg
롯데)참치인가샌드위치,2900,https://www.7-eleven.co.kr/upload/product/8801118/014109.1.jpg
롯데)햄치즈에그토스트샌드,3100,https://www.7-eleven.co.kr/upload/product/8801118/014123.1.jpg
롯데)리얼소프트햄&에그샌드,2800,https://www.7-eleven.co.kr/upload/product/8801118/014147.1.jpg
롯데)베스트콤보샌드,2800,https://www.7-eleven.co.kr/upload/product/8801118/014161.1.jpg
롯데)햄참치샐러드샌드,2800,https://www.7-eleven.co.kr/upload/product/8801118/014185.1.jpg
롯데)케이준치킨&햄샌드,2800,https://www.7-eleven.co.kr/upload/product/8801118/014215.1.jpg
롯데)모둠초밥정식,6500,https://www.7-eleven.co.kr/upload/product/8802259/021919.1.jpg
롯데)맛장우삼각더커진비빔참치,1700,https://www.7-eleven.co.kr/upload/product/8801118/013959.1.jpg
롯데)맛장우삼각더커진전주비빔,1700,https://www.7-eleven.co.kr/upload/product/8801118/013973.1.jpg
롯데)맛장우김밥매콤제육,3500,https://www.7-eleven.co.kr/upload/product/8801118/014055.1.jpg
롯데)더꽉찬불고기&참치김밥,2900,https://www.7-eleven.co.kr/upload/product/8801118/014031.1.jpg
롯데)더꽉찬직화불고기김밥,3100,https://www.7-eleven.co.kr/upload/product/8801118/014017.1.jpg
롯데)참치김밥,3200,https://www.7-eleven.co.kr/upload/product/8801118/013997.1.jpg
롯데)밥먹자얘들아,5000,https://www.7-eleven.co.kr/upload/product/8802259/021957.1.jpg
롯데)11찬도시락,6300,https://www.7-eleven.co.kr/upload/product/8802259/021933.1.jpg
롯데)가득담은5찬도시락,5000,https://www.7-eleven.co.kr/upload/product/8802259/021698.1.jpg
롯데)7찬도시락,5200,https://www.7-eleven.co.kr/upload/product/8802259/021674.1.jpg
롯데)비빔참치마요삼각김밥,1300,https://www.7-eleven.co.kr/upload/product/8801118/013911.1.jpg
롯데)전주비빔삼각김밥,1200,https://www.7-eleven.co.kr/upload/product/8801118/013935.1.jpg
그린)29피자벅,2900,https://www.7-eleven.co.kr/upload/product/8809827/505345.1.jpg
롯데)더커진닭가슴살잡곡밥삼각,1800,https://www.7-eleven.co.kr/upload/product/8801118/013867.1.jpg
롯데)홀그레인머스타드닭가슴살,3500,https://www.7-eleven.co.kr/upload/product/8801118/014314.1.jpg
롯데)닭가슴살스테이크도시락,6500,https://www.7-eleven.co.kr/upload/product/8801118/013881.1.jpg
현대)신년운세떡만둣국,4900,https://www.7-eleven.co.kr/upload/product/8809838/034582.1.jpg
롯데)겨자소스에찍어먹는꼬마김,3900,https://www.7-eleven.co.kr/upload/product/8801118/013782.1.jpg
롯데)오징어버거,3500,https://www.7-eleven.co.kr/upload/product/8801118/013768.1.jpg
"현대)3,900스크램블&불고기덮밥",3900,https://www.7-eleven.co.kr/upload/product/8809838/034568.1.jpg
현대)안유성명장김밥명란타마고,3500,https://www.7-eleven.co.kr/upload/product/8809838/034544.1.jpg
롯데)안유성명장토핑유부초밥,3500,https://www.7-eleven.co.kr/upload/product/8801118/013638.1.jpg
현대)안유성명장샌드명란타마고,4500,https://www.7-eleven.co.kr/upload/product/8809838/034520.1.jpg
그린)불닭마요참치김밥,2700,https://www.7-eleven.co.kr/upload/product/8809827/505307.1.jpg
롯데)치즈&치즈버거,3000,https://www.7-eleven.co.kr/upload/product/8801118/013522.1.jpg
"롯데)3,900매콤닭껍질튀김",3900,https://www.7-eleven.co.kr/upload/product/8801118/013607.1.jpg
현대)맛장우 통등심돈까스&김치,5500,https://www.7-eleven.co.kr/upload/product/8809838/034506.1.jpg
그린)어메이징딸기샌드,3800,https://www.7-eleven.co.kr/upload/product/8809827/505192.1.jpg
그린)제육김치볶음삼각,1300,https://www.7-eleven.co.kr/upload/product/8809827/505284.1.jpg
그린)럭히밥 대왕치즈스틱&불닭,5900,https://www.7-eleven.co.kr/upload/product/8809827/505239.1.jpg
그린)럭히밥 대왕돈까스도시락,5900,https://www.7-eleven.co.kr/upload/product/8809827/505215.1.jpg
롯데)럭히밥함박킹버거,4300,https://www.7-eleven.co.kr/upload/product/8801118/013409.1.jpg
롯데)럭히밥매콤닭갈비김밥,3600,https://www.7-eleven.co.kr/upload/product/8801118/013430.1.jpg
롯데)럭히밥불고기킹토스트,3900,https://www.7-eleven.co.kr/upload/product/8801118/013386.1.jpg
그린)맛장우 쭈불들기름비빔밥,5200,https://www.7-eleven.co.kr/upload/product/8809827/505178.1.jpg
롯데)매콤투움바파스타,4900,https://www.7-eleven.co.kr/upload/product/8801118/013454.1.jpg
롯데)더커진육즙가득삼겹살삼각,1800,https://www.7-eleven.co.kr/upload/product/8801118/013331.1.jpg
롯데)육즙가득삼겹살쌈장김밥,3500,https://www.7-eleven.co.kr/upload/product/8801118/013355.1.jpg
그린)11겹등심돈까스,5900,https://www.7-eleven.co.kr/upload/product/8809827/505154.1.jpg
롯데)골드후라이드치킨버거3.0,3600,https://www.7-eleven.co.kr/upload/product/8801118/013089.1.jpg
삼립)더블에그햄샌드위치,3300,https://www.7-eleven.co.kr/upload/product/8801068/928297.1.jpg
그린)울트라스파이시더블빅불버,3600,https://www.7-eleven.co.kr/upload/product/8809827/505116.1.jpg
"롯데)3,900탕수육&갈릭볶음밥",3900,https://www.7-eleven.co.kr/upload/product/8801118/012983.1.jpg
"롯데)3,900김치피자탕수육",3900,https://www.7-eleven.co.kr/upload/product/8801118/012822.1.jpg
그린)닭가슴살햄듬뿍샌드,3200,https://www.7-eleven.co.kr/upload/product/8809827/505024.1.jpg
그린)케이준치킨통닭가슴살버거,3700,https://www.7-eleven.co.kr/upload/product/8809827/505048.1.jpg
"롯데)3,900유부초밥&치킨샐러드",3900,https://www.7-eleven.co.kr/upload/product/8801118/012785.1.jpg
"그린)3,900불닭마요타코야끼",3900,https://www.7-eleven.co.kr/upload/product/8809827/505062.1.jpg
"그린)3,900함박&볶음밥",3900,https://www.7-eleven.co.kr/upload/product/8809827/505079.1.jpg
롯데)참고소한 제육덮밥,4500,https://www.7-eleven.co.kr/upload/product/8801118/012365.1.jpg
롯데)더커진유부초밥6입,4900,https://www.7-eleven.co.kr/upload/product/8801118/012488.1.jpg
그린)탱글탱글새우버거,3600,https://www.7-eleven.co.kr/upload/product/8809827/504966.1.jpg
그린)참치김치볶음밥에그말이,2400,https://www.7-eleven.co.kr/upload/product/8809827/505000.1.jpg
롯데)뚠뚠햄치즈&참치샌드,3400,https://www.7-eleven.co.kr/upload/product/8801118/011924.1.jpg
롯데)맛장우삼각더커진묵은지참,1700,https://www.7-eleven.co.kr/upload/product/8801118/012051.1.jpg
그린)울트라더블빅불고기버거,3500,https://www.7-eleven.co.kr/upload/product/8809827/504928.1.jpg
롯데)로제함박스파게티,4700,https://www.7-eleven.co.kr/upload/product/8801118/011672.1.jpg
롯데)스리라차골드후라이드치킨,3600,https://www.7-eleven.co.kr/upload/product/8801118/011634.1.jpg
현대)맛장우도시락 올데이뷔페,4700,https://www.7-eleven.co.kr/upload/product/8809838/034391.1.jpg
롯데)올뉴빅닭강정,9900,https://www.7-eleven.co.kr/upload/product/8801118/011467.1.jpg
롯데)BELT샌드위치,2800,https://www.7-eleven.co.kr/upload/product/8801118/011474.1.jpg
롯데)의성마늘햄&직꾸닭도시락,4900,https://www.7-eleven.co.kr/upload/product/8801118/011498.1.jpg
롯데)빅블랙페퍼마요불고기버거,3500,https://www.7-eleven.co.kr/upload/product/8801118/011429.1.jpg
롯데)의성마늘프랑크김밥,3200,https://www.7-eleven.co.kr/upload/product/8801118/011290.1.jpg
롯데)빅모짜치즈불고기버거,3500,https://www.7-eleven.co.kr/upload/product/8801118/011221.1.jpg
롯데)뚠뚠햄치즈&포테이토샌드,3400,https://www.7-eleven.co.kr/upload/product/8801118/011153.1.jpg
그린)스팸닭가슴살데리마요덮밥,4300,https://www.7-eleven.co.kr/upload/product/8809827/504843.1.jpg
삼립)메가불고기피자버거,3500,https://www.7-eleven.co.kr/upload/product/8801068/924022.1.jpg
그린)불닭치즈소시지김밥,3200,https://www.7-eleven.co.kr/upload/product/8809827/504829.1.jpg
롯데)맛장우삼각더커진제육볶음,1500,https://www.7-eleven.co.kr/upload/product/8801118/010767.1.jpg
롯데)맛장우도시락 고기(肉)올인,5500,https://www.7-eleven.co.kr/upload/product/8801118/010736.1.jpg
롯데)더블불새버거,3600,https://www.7-eleven.co.kr/upload/product/8801118/010316.1.jpg
그린)그릴스테이크&콘마요유부초,3000,https://www.7-eleven.co.kr/upload/product/8809827/504768.1.jpg
롯데)맛장우삼각더커진소고기고,1700,https://www.7-eleven.co.kr/upload/product/8801118/010095.1.jpg
그린)더커진불닭콘참치마요삼각,1700,https://www.7-eleven.co.kr/upload/product/8809827/504744.1.jpg
롯데)맛장우도시락 고기(肉)맥시,5500,https://www.7-eleven.co.kr/upload/product/8801118/010019.1.jpg
롯데)맛장우김밥더블햄마요,3200,https://www.7-eleven.co.kr/upload/product/8801118/009860.1.jpg
그린)참치김치볶음밥&치킨마요,2200,https://www.7-eleven.co.kr/upload/product/8809827/504614.1.jpg
롯데)맛장우삼각더커진참치마요,1600,https://www.7-eleven.co.kr/upload/product/8801118/009440.1.jpg
롯데)소고기고추장&참치마요,2200,https://www.7-eleven.co.kr/upload/product/8801118/009402.1.jpg
현대)동원고추참치유부말이,2400,https://www.7-eleven.co.kr/upload/product/8809838/034292.1.jpg
그린)킹장우치킨마요삼각,1600,https://www.7-eleven.co.kr/upload/product/8809827/504546.1.jpg
롯데)킹장우듬뿍참치김밥,3200,https://www.7-eleven.co.kr/upload/product/8801118/009020.1.jpg
그린)케이준치킨마요덮밥,4200,https://www.7-eleven.co.kr/upload/product/8809838/034278.1.jpg
롯데)참치마요&햄김치유부초밥,2900,https://www.7-eleven.co.kr/upload/product/8801118/008917.1.jpg
롯데)진한육즙왕교자,3500,https://www.7-eleven.co.kr/upload/product/8801062/017027.1.jpg
삼립)덴마크요구르트딸기샌드,2800,https://www.7-eleven.co.kr/upload/product/8801068/923421.1.jpg
그린)맛장우김밥오리지널,3200,https://www.7-eleven.co.kr/upload/product/8809838/034230.1.jpg
삼립)메가불고기체다버거,3500,https://www.7-eleven.co.kr/upload/product/8801068/922264.1.jpg
롯데)맛장우전주식비빔밥,4500,https://www.7-eleven.co.kr/upload/product/8801118/007576.1.jpg
롯데)맛장우도시락 고추장불백,5900,https://www.7-eleven.co.kr/upload/product/8801118/007668.1.jpg
삼립)스크램블소시지샌드,2800,https://www.7-eleven.co.kr/upload/product/8801068/921847.1.jpg
그린)햄듬뿍치즈샌드,2700,https://www.7-eleven.co.kr/upload/product/8809827/504126.1.jpg
롯데)더블치즈불고기버거,2800,https://www.7-eleven.co.kr/upload/product/8801118/432569.1.jpg
롯데)대만식햄치즈샌드위치,2600,https://www.7-eleven.co.kr/upload/product/8801118/432545.1.jpg
롯데)리얼소프트에그샌드,2600,https://www.7-eleven.co.kr/upload/product/8801118/431678.1.jpg
삼립)아메리칸베이컨체다버거,2800,https://www.7-eleven.co.kr/upload/product/8801068/913507.1.jpg
삼립)더블불고기포테이토버거,2800,https://www.7-eleven.co.kr/upload/product/8801068/913521.1.jpg
삼립)NEW상하이스파이시버거,2500,https://www.7-eleven.co.kr/upload/product/8801068/913545.1.jpg
삼립)프리미엄햄에그샌드,2500,https://www.7-eleven.co.kr/upload/product/8801068/913484.1.jpg
그린)제일맛집도시락2.0,5500,https://www.7-eleven.co.kr/upload/product/8809827/504225.1.jpg
그린)스팸마요계란김밥,2800,https://www.7-eleven.co.kr/upload/product/8809827/504133.1.jpg
그린)스팸김치볶음밥삼각,1400,https://www.7-eleven.co.kr/upload/product/8809827/504102.1.jpg
롯데)베이컨김치볶음밥삼각,1200,https://www.7-eleven.co.kr/upload/product/8801118/432347.1.jpg
롯데)유부초밥4입,3200,https://www.7-eleven.co.kr/upload/product/8801118/432408.1.jpg
롯데)양념순살닭강정,5500,https://www.7-eleven.co.kr/upload/product/8801118/432583.1.jpg
그린)햄참치유부말이,2100,https://www.7-eleven.co.kr/upload/product/8809827/503655.1.jpg
그린)더꽉찬한돈돈까스김밥2.0,2800,https://www.7-eleven.co.kr/upload/product/8809827/503358.1.jpg
롯데)함박&부대볶음 5찬도시락,4900,https://www.7-eleven.co.kr/upload/product/8801118/430138.1.jpg
롯데)숯불치킨치밥삼각,1200,https://www.7-eleven.co.kr/upload/product/8801118/429781.1.jpg
롯데)NEW참치마요네즈삼각,1100,https://www.7-eleven.co.kr/upload/product/8801118/428791.1.jpg
그린)참치김치햄말이주먹밥,2100,https://www.7-eleven.co.kr/upload/product/8809705/475869.1.jpg
그린)참치마요햄말이주먹밥,2000,https://www.7-eleven.co.kr/upload/product/8809705/475609.1.jpg
그린)스팸김치볶음김밥,2800,https://www.7-eleven.co.kr/upload/product/8809827/502030.1.jpg
예약)한끼 고추장불고기정식,10000,https://www.7-eleven.co.kr/upload/product/8809827/502122.1.jpg
그린)NEW참치김치볶음밥삼각,1200,https://www.7-eleven.co.kr/upload/product/8809827/502078.1.jpg
예약)한끼연구소 간장불고기정식,10000,https://www.7-eleven.co.kr/upload/product/8809827/501941.1.jpg
그린)NEW햄참치마요네즈삼각,1200,https://www.7-eleven.co.kr/upload/product/8809827/501026.1.jpg
예약)한끼연구소 제육비빔밥,8000,https://www.7-eleven.co.kr/upload/product/8801118/424311.1.jpg
예약)한끼 바싹불고기정식,10000,https://www.7-eleven.co.kr/upload/product/8801118/424274.1.jpg
예약)한끼연구소 유부초밥,11000,https://www.7-eleven.co.kr/upload/product/8809121/134104.1.jpg
예약)한끼연구소 소불고기정식,9000,https://www.7-eleven.co.kr/upload/product/8801118/424175.1.jpg
